{
    "data": [
        [
            0,
            32
        ],
        [
            10,
            32.2
        ],
        [
            20,
            32.6
        ],
        [
            30,
            33
        ],
        [
            40,
            33.5
        ],
        [
            50,
            34
        ],
        [
            60,
            35.5
        ],
        [
            70,
            37
        ],
        [
            80,
            38
        ],
        [
            90,
            41
        ],
        [
            100,
            43
        ],
        [
            110,
            46
        ],
        [
            120,
            49.5
        ],
        [
            130,
            53
        ],
        [
            140,
            57
        ]
    ],
    "parameters": {},
    "params": {
        "a": 4.397100720630131e-06,
        "b": 0.0006694498312145355,
        "c": -0.001153816227345339,
        "d": 0.1389542483660109
    }
}